-- Adminer 4.8.1 PostgreSQL 16.0 (Debian 16.0-1.pgdg120+1) dump

DROP TABLE IF EXISTS "account";
CREATE TABLE "public"."account" (
    "email" character varying(255),
    "password" character varying(30),
    "role" character varying(30)
) WITH (oids = false);

INSERT INTO "account" ("email", "password", "role") VALUES
('kim@gmail.com',	'kim',	'leader'),
('culi@gmail.com',	'culi',	'culi');

CREATE TABLE HOKHAU (
    MAHO BIGSERIAL PRIMARY KEY,
    DIACHI CHAR(100) NOT NULL
    chuho BIGSERIAL references NHANKHAU(cccd)

);
CREATE TABLE NHANKHAU(
    CCCD BIGINT NOT NULL PRIMARY KEY,
    TEN VARCHAR(255),
    NGAYSINH DATE NOT NULL,
    SDT INT NOT NULL


);
CREATE TABLE KHOANTHU (
MAKT BIGINT NOT NULL PRIMARY KEY,
TENKT VARCHAR(255) NOT NULL,
LOAI VARCHAR(255) NOT NULL
);

CREATE TABLE NOP_TIEN (
CCCD BIGINT NOT NULL REFERENCES NHANKHAU(CCCD),
MAKT BIGINT NOT NULL REFERENCES KHOANTHU(MAKT),
PRIMARY KEY(CCCD,MKT),
SOTIEN INT NOT NULL,
NGAYNOP DATE NOT NULL);
--BANG NHAN KHAU HO KHAU
CREATE TABLE HK_NK(
MAHO BIGINT REFERENCES HOKHAU(MAHO),
CCCD BIGINT REFERENCES NHANKHAU(CCCD));
INSERT INTO NHANKHAU(CCCD,TEN,NGAYSINH,SDT) VALUES
(027203008302,'MARIA','2003-12-6','0220370202'),
(027203008200,'MARIA','2003-12-6','0220370202'),
(027203008201,'JOHN','1990-05-15','0220370203'),
(027203008202,'EMMA','1985-08-27','0220370204'),
(027203008203,'MICHAEL','1972-02-10','0220370205'),
(027203008204,'SOPHIA','1998-09-03','0220370206'),
(027203008205,'DANIEL','1983-04-22','0220370207'),
(027203008206,'OLIVIA','2000-11-18','0220370208'),
(027203008207,'WILLIAM','1978-07-14','0220370209'),
(027203008208,'AVA','1995-01-30','0220370210'),
(027203008209,'ALEXANDER','1989-06-25','0220370211');

INSERT INTO HOKHAU(DIACHI,CHUHO)VALUES('LONG BIEN', 027203008200),
('HANOI OPERA HOUSE', 027203008201),
('ANGKOR WAT', 027203008202),
('STATUE OF LIBERTY', 027203008203),
('MACHU PICCHU', 027203008204),
('EIFFEL TOWER', 027203008205),
('GREAT WALL OF CHINA', 027203008206),
('TAJ MAHAL', 027203008207),
('SYDNEY OPERA HOUSE', 027203008208),
('GẦM CẦU', 027203008209);
INSERT INTO HK_NK VALUES (9, 027203008200),
(10, 027203008201),
(11, 027203008202),
(12, 027203008203),
(13, 027203008204),
(14, 027203008205),
(15, 027203008206),
(16, 027203008207),
(17, 027203008208),
(18, 027203008209);
insert into khoanthu(makt,tenkt,loai)values(1,'nuoc','batbuoc');
insert into nop_tien (cccd,makt,sotien,ngaynop)values(027203008208,1,10000,'2020-2-6');
-- 2023-10-27 00:35:58.774794+00